link,dodane-data,id,title,category-tree-item,user-profile-link,filters,description,pay_low,pay_high,pay_currency,pay_period,Lokalizacja,Wymiar pracy,Typ umowy
https://sprzedajemy.pl/elektryk-przemysl-budowlany-elektromonter-niemiecka-umowa-czaplinek-2-d8fcd7-nr62544022,2023-05-19,sp62544022,"Elektryk przemysl. budowlany, Elektromonter, niemiecka Umowa",Wszystkie ogłoszenia/Ogłoszenia Czaplinek/Praca Czaplinek/Praca Budownictwo / Geodezja Czaplinek,https://sprzedajemy.pl/oferty-uzytkownika-8659268,,"
FIRMA IMS GmbH OFERUJE PRACE DLA:
1. ELEKTROMONTERA DO BUDOWY INSTALACJI ELEKTRYCZNYCH
2. ELEKTRYKA PRZEMYSLOWEGO DO BUDOWY SZAF STEROWNICZYCH.

Zarobki: 2300 -3000€

• Stawka wynagrodzenia zalezna jest od doswiadczenia, umiejetnosci jezykowych. Na start proponujemy wynagrodzenie od 2400€ netto miesiecznie (przy 1 klasie podatkowej) na reke.
Doatkowo: § Premia 200€ za polecenie Pracownika Firme


1. OBOWIAZKI ELEKTROMONTERA: 
• Montaż instalacji elektrycznych w obiektach przemyslowych, handlowych i mieszkaniowych. 
• Podlanczanie i naprawa, wlączników, przelacznikow elektrycznych, gniazd wtykowych i oświetlenia
• Konserwacja i renowacja instalacji elektrycznych. 
• Praca według planów elektrycznych
• Prace budowlane zwiazane z instalacjami elektrycznymi 

2. OBOWIAZKI DLA ELEKTRYKA PRZEMYSLOWEGO:
• Przyłączanie kabli do rozdzielni oraz urządzeń przemysłowych. 
• Rozprowadzanie różnego rodzaju kabli, przycinanie i wykańczanie okablowania przy użyciu róznych technik przyłączeniowych. 
• Montowanie szaf sterowniczych na podstawie rysunków i schematów. 
• Posługiwanie sie narzedziami elektrycznymi. 
• Wykonywanie pomiarów elektrycznych. 
• Konserwacja, renowacja i montaż szaf i urządzeń sterowniczych. 
• Wymagana jest wiedza na temat symboli, norm i kodów podawanych w rysunkach konstrukcyjnych i schematach.

WYMAGANIA: 
• Kwalifikacje w zawodzie elektryka lub wieloletnie doświadczenie na w/w stanowisku 
• Dokumenty potwierdzajace kwalifikacje zawodowe lub swiadectwa pracy w zawodzie elektryka/elektromontera
• Komunikatywna lub przynajmniej podstawowa znajomość języka niemieckiego. 
• Gotowość do pracy na wyjazdach służbowych na terenie Niemiec 
• Mile widziane jest posiadanie prawa jazdy i własnego samochodu na wyjazd do pracy

NASZA OFERTA:
• Stala niemiecka umowę o pracę na czas nieokreslony.
• Legalne zatrudnienie na niemieckich warunkach
• Pełne niemieckie ubezpieczenie społeczne i zdrowotne
• Możliwość pobierania biezacych cotygodniowych zaliczek wyplacanych do przodu
• Możliwe nadgodziny. 
• Dlugoterminowy kontrakt
• Zorganizowane zakwaterowanie w pobliżu miejsca pracy przez pracodawce z mozliwoscia dostepu do kuchni i internetu
• Wyposażenie ochronne (obuwie, ubranie robocze, okulary ochronne, rekawiczki na koszt Firmy IMS oraz skrzynke z narzedziami)
• Dodatki za nadgodziny, prace nocna i dni swiateczne
Za nadgodziny 25%
Za prace nocna 25%
Za prace w niedziele 50%
Za dni swiateczne 50%
Za prace w dniach 24.12 i 31.12 od godziny 14:00 - 100%
Za dzien swiateczny wypadajacy w niedziele 100%
• Ponadto opieka polskiego konsultanta na czas zatrudnienia


Kontakt:
E-Mail: pr**a@i*************.eu 
Mobil: 0049 176 1000 3039
Königstraße 38
33330 Gütersloh
Pozdrawiamy serdecznie

IMS GmbH Team
Pracodawca niemiecki Firma IMS GmbH oferuje prace w kazdym dowolnie wybranym terminie przez kandydatadla dla monterow instalacji elektrycznych, sanitarnych, spawaczy, slusarzy, malarzy, stolarzy na terenie Niemiec.
IMS GmbH to Firma z doświadczeniem, która pertraktuje korzystne warunki pracy i płacy w trosce o swojego Pracownika. Ponadto pomagamy w znalezieniu atrakcyjnego cenowo zakwaterowania oraz w innych formalnościach, a to wszystko dla Twojego poczucia spokoju i bezpieczeństwa!
",11000,12000,zł,mies. brutto,Czaplinek,Pełen etat,Umowa o pracę
https://sprzedajemy.pl/opiekunki-z-ukrainy-poszukuja-pracy-w-polsce-opole-2-d8fcd7-nr64710558,2023-05-15,sp64710558,Opiekunki z Ukrainy poszukują pracy w Polsce,Wszystkie ogłoszenia/Ogłoszenia Opole/Praca Opole/Praca Zdrowie / Opieka Opole,https://sprzedajemy.pl/oferty-uzytkownika-9283533,,"
Jesteśmy Agencja Pośrednictwa Pracy,
Pomożemy w rekrutacji opiekunki z Ukrainy do pracy w Polsce  w rodzinie jak i w domu opieki,
Panie z Ukrainy posiadają doświadczenie w pracy z seniorami.
Nasze usługi świadczymy dla:
- prywatnych rodzin z terenu całej Polski
- domów opieki z Polski
Podczas pełnienia opieki całodobowej nad pacjentem opiekunki wykonują bardzo różne czynności wynikające z indywidualnych  potrzeb pacjenta. Typowe obowiązki opiekunki to:
- bezpośrednie sprawowanie opieki nad chorym
- podawanie leków
- prowadzenie domu, robienie zakupów, sprzątanie, gotowanie
- toaleta chorego
- dotrzymywanie towarzystwa
- spacery
- i inne, do indywidualnego  ustalenia
Pracujemy skutecznie i uczciwie.
KRAZ: 26299
Zapraszamy do kontaktu z nami
",3100,5000,zł,mies. brutto,Opole,Pełen etat,Umowa zlecenie
https://sprzedajemy.pl/elektryk-budowlany-elektromonter-pomocnik-elektryka-niemcy-kielce-2-d8fcd7-nr62137723,2023-04-26,sp62137723,"Elektryk budowlany, elektromonter, pomocnik elektryka,Niemcy",Wszystkie ogłoszenia/Ogłoszenia Kielce/Praca Kielce/Praca Budownictwo / Geodezja Kielce,https://sprzedajemy.pl/oferty-uzytkownika-8659268,,"
Jestes elektrykiem z wyksztalcenia? Pomocnikiem elektryka z doswiadczeniem? 
Chetnie Ci w tym pomozemy!  Nie czekaj, znajdz prace juz dzis !

Jestesmy niemiecka firma z siedziba w Gütersloh, Hamburgu i Berlinie, aktualnie poszukujemy pracownikow na stanowiska: 
ELEKTRYK / ELEKTROMONTER / POMOCNIK ELEKTRYKA na niemiecka umowa o prace na pelen etat. Praca i zlecenia w calych Niemczech! Dlugoterminowe projekty!

Zarobki: mozliwosc negocjacji: 2300 -3000€
• Stawka wynagrodzenia zalezna jest od doswiadczenia, umiejetnosci jezykowych. Na start proponujemy wynagrodzenie od 2300€ netto miesiecznie (przy 1 klasie podatkowej)
Doatkowo: § Premia 200€ za polecenie Pracownika Firme

WYMAGANIA:
•  Kwalifikacje w zawodzie elektryka oraz doświadczenie na w/w stanowisku
•  Komunikatywna lub przynajmniej podstawowa znajomość języka niemieckiego umozliwiajaca komunikacje w pracy
 • Sumienne i profesjonalne wykonywanie zadań
•  Wlasny samochod na wyjazd do pracy, mile widziane

OBOWIAZKI: 
•  Montaż instalacji elektrycznych w objektach przemysłowych, handlowych i mieszkaniowyc
• Montaż, i naprawa, włączników, gniazdek i oświetlenia, lamp
• Wykonywanie prac instalacyjnych 
• Konserwacja i renowacja instalacji elektrycznych.

OFERUJEMY:
•  Legalne zatrudnienie na niemieckich warunkach.
•  Pełne niemieckie ubezpieczenie społeczne i zdrowotne.
•  Dlugoterminowy kontrakt, mozliwe nadgodziny.
•  Zorganizowane zakwaterowanie w pobliżu miejsca pracy przez pracodawce (pokoje jednoosobowe) z dostepem do kuchni i internetu.
•  Dodatki za pracę w dni świąteczne, dodatek urlopowy.
• Wyposażenie ochronne (obuwie, ubranie robocze na koszt Firmy IMS oraz skrzynke z narzedziami)
• Przelew biezacych cotygodniowych zaliczek wypłacanych juz w pierwszym tygodniu rozpoczecia pracy, nieopodatkowany dodatek do każdego dnia pracy

W przypadku zainteresowania poprosimy o kontakt (rozmawiamy po polsku) na wszystkie Panstwa pytania chetnie odpowiemy.
KONTAKT:
E-Mail: pr**a@i*************.eu
Mobil: 0049 176 1000 30 39 
IMS GmbH
Königstraße 38
33330 Gütersloh
www.*****************
Umsatz-ID: DE126945336



Pozdrawiamy serdecznie
IMS GmbH Team

Pracodawca niemiecki Firma IMS GmbH oferuje prace w kazdym dowolnie wybranym terminie przez kandydatadla dla monterow instalacji elektrycznych na terenie Niemiec.
IMS GmbH to Firma z doświadczeniem, która pertraktuje korzystne warunki pracy i płacy w trosce o swojego Pracownika. Ponadto pomagamy w znalezieniu atrakcyjnego cenowo zakwaterowania oraz w innych formalnościach, a to wszystko dla Twojego poczucia spokoju i bezpieczeństwa!
",,,,,Kielce,Pełen etat,Umowa o pracę
https://sprzedajemy.pl/praca-w-markecie-dino-polska-s-a-malczyce-2-d8fcd7-nr66484264,2023-11-23,sp66484264,"Praca w markecie, Dino Polska S.A., Malczyce",Wszystkie ogłoszenia/Ogłoszenia Malczyce/Praca Malczyce/Praca Sprzedawca / Kasjer Malczyce,https://sprzedajemy.pl/oferty-uzytkownika-9350905,,"
Zatrudnimy osoby do 

PRACY W MARKECIE
Malczyce woj. dolnośląskie

CHCESZ ZDOBYĆ DOŚWIADCZENIE W HANDLU?

MOŻE WIELE JUŻ POTRAFISZ I PRAGNIESZ DALEJ SIĘ ROZWIJAĆ?

PRACUJĄC Z NAMI ZYSKUJESZ:

możliwość dopasowania wymiaru czasu pracy do Twoich potrzeb

stabilność zatrudnienia, umowę o pracę

możliwość rozwoju - stawiamy na awanse wewnętrzne

niezbędne szkolenia

atrakcyjne benefity (m.in.: ubezpieczenie, prywatna opieka medyczna, możliwość otrzymania pożyczki)
",,,,,,Pełen etat,Umowa o pracę
https://sprzedajemy.pl/elektryk-automatyk-zambrow-2-d8fcd7-nr65970135,2023-01-16,sp65970135,ELEKTRYK/AUTOMATYK,Wszystkie ogłoszenia/Ogłoszenia Zambrów/Praca Zambrów/Praca Energetyka / Elektronika Zambrów,https://sprzedajemy.pl/oferty-uzytkownika-9474854,,"
ELEKTRYK/AUTOMATYK   – Monolit producent okien i drzwi

Firma MONOLIT, w związku z rozbudową fabryki i  parku maszynowego w nowoczesne maszyny i urządzenia do produkcji okien plastikowych i aluminiowych, poszukuje pracowników do Działu Utrzymania Ruchu.

Wymagania:

• wykształcenie zawodowe/średnie/wyższe techniczne, preferowane kierunki:  
 Elektryka, Automatyka/Robotyka, Mechatronika/
• umiejętność czytania schematów elektrycznych
• umiejętność posługiwania się urządzeniami pomiarowymi
• co najmniej podstawowa znajomość sterowników PLC, preferowany system Beckhoff
• mile widziane uprawnienia SEP do 1 kV
• mile widziana znajomość maszyn CNC z branży okiennej
• mile widziane doświadczenie w utrzymaniu ruchu
• komunikatywność i odporność na stres, umiejętność pracy pod presją czasu
• zaangażowanie oraz chęć nauki i rozwoju


Zakres obowiązków:

• bieżące utrzymanie ruchu: nadzór nad stanem i pracą maszyn i urządzeń, usuwanie awarii maszyn
• realizacja konserwacji i remontów maszyn


Oferujemy:

• stabilne warunki zatrudnienia
• możliwość pogłębiania wiedzy i rozwoju zawodowego
• wynagrodzenie adekwatne do posiadanych umiejętności i poziomu zaangażowania

Jesteśmy:
• otwarci na rozmowy z każdym kandydatem
• elastyczni w ustalaniu warunków zatrudnienia i warunków pracy


wyślij CV, zadzwoń lub odwiedź nas osobiście

tel. ***-***-***
e-mail: bi**o@m**********.pl
osobiście: Zambrów, ul. Strzelnicza 12
",,,,,,Pełen etat,Umowa o pracę
https://sprzedajemy.pl/zacieracz-laciarz-wylewki-maszynowe-lopuszno-2-d8fcd7-nr63453986,2023-03-07,sp63453986,zacieracz łaciarz wylewki maszynowe,Wszystkie ogłoszenia/Ogłoszenia Łopuszno/Praca Łopuszno/Praca Budownictwo / Geodezja Łopuszno,https://sprzedajemy.pl/oferty-uzytkownika-9053122,,"
Przyjmę na stanowisko pracownika ogólnobudowlanego -  do przyuczenia na stanowiska: zacieracz, łaciarzdo pracy przy wylewkach maszynowych. Mile widziane osoby z doświadczeniem w budownictwie, bez nałogów, pracowite z powiatu kieleckiego lub okolic Piekoszowa Łopuszna Małogoszcza. Praca stała na terenie województwa, ubezpieczenie. Tel. 509282782
",3000,4000,zł,mies. brutto,Łopuszno,Pełen etat,Umowa o pracę
https://sprzedajemy.pl/kupiec-warszawa-2-d8fcd7-nr67265599,2023-01-23,sp67265599,Kupiec,Wszystkie ogłoszenia/Ogłoszenia Warszawa/Praca Warszawa/Praca Przedstawiciel handlowy Warszawa,https://sprzedajemy.pl/oferty-uzytkownika-9668676,,"
HUMAN GROUP to innowacyjna organizacja, która w Polsce istnieje od 2016 r. (wcześniej od 2012 r. działająca prężnie na rynku zachodnim) i zrzesza 6 wyspecjalizowanych spółek odpowiadających na potrzeby biznesu w zakresie rekrutacji, outsourcingu procesów a także pracy tymczasowej. 

Dla naszego Klienta, lidera warszawskiego rynku tradycyjnego, jednego z największych i najbardziej znanych dostawców świeżych owoców, warzyw i produktów “ready to eat”, poszukujemy osoby na stanowisko Kupca. 

Lokalizacja - Bronisze. 

Zakres obowiązków:
- realizacja zadań związanych z zakupem warzyw i owoców, 
- negocjowanie warunków zakupowych i terminów płatności, 
- budowanie długotrwałych relacji z dostawcami,
- poszukiwanie nowych źródeł zaopatrzenia na rynkach zagranicznych, 
- weryfikacja dostaw. 

Wymagania: 
- min. 2- letnie doświadczenie w pracy na podobnym stanowisku w branży owocowo-warzywnej,
- doświadczenie w poszukiwaniu dostawców na rynkach krajowych i zagranicznych, 
- komunikatywna znajomość języka angielskiego (min. B2),
- bardzo dobrze rozwinięte zdolności negocjacyjne, 
- dobra znajomość pakietu MS Office oraz systemu Comarch. 

Nasz Klient oferuje: 
- zatrudnienie w ramach UoP lub B2B, 
- system premiowy dodatkowo do wynagrodzenia zasadniczego,
- benefity medyczne i sportowe,
- narzędzie niezbędne do pracy, 
- możliwość poszerzania swoich kompetencji,
- samodzielność w działaniu i perspektywa rozwojowa.
",10000,14000,zł,mies. brutto,,Pełen etat,Umowa o pracę
https://sprzedajemy.pl/pracownik-montazu-m-k-lublin-2-d8fcd7-nr67201952,2023-01-10,sp67201952,PRACOWNIK MONTAŻU (M/K),Wszystkie ogłoszenia/Ogłoszenia Lublin/Praca Lublin/Praca fizyczna Lublin,https://sprzedajemy.pl/oferty-uzytkownika-8124613,,"
Jako AB Job Service Polska Sp. z o.o. - jesteśmy polską agencją zatrudnienia (nr cert. 5971)  z 17-letnim doświadczeniem   z oddziałami w Kielcach, Opolu, Lublinie i Bydgoszczy, rekrutującą na rynek niderlandzki. Jesteśmy partnerem w dobieraniu kadry dla firm z branży agrarnej, budowlanej, spożywczej, zieleni (miejskiej), infrastruktury, logistyki, techniki i transportu. Dzięki naszym długotrwałym relacjom z klientami o kilkudziesięcioletniej tradycji znamy ich potrzeby związane z zatrudnieniem pracowników. Nasze korzenie przekładają się na prostotę oraz przyjazną, niewymuszoną atmosferę w kontaktach z kandydatami.

PRACOWNIK MONTAŻU (M/K)
Miejsce pracy:  Bunschoten

Potrafisz odczytać rysunek techniczny, mówisz po angielsku oraz masz doświadczenie przy montażu? Świetnie się składa, ponieważ jedna z najbardziej znanych firm zajmujących się produkcją bram garażowych w Holandii poszukuje pracowników montażu. Będziesz się zajmować produkcją paneli pełnych, oszklonych oraz naprawiać i przygotować materiały do produkcji. Praca zmianowa od poniedziałku do piątku w godzinach 7:00-16:00 oraz 16:30-01:30.  Jeśli szukasz pracy na dłuższy okres czasu ta praca jest dla Ciebie. 

Przed wyjazdem zapewnimy Ci kompleksową obsługę – szczegółowe informacje o pracy, adres wraz z numerem do koordynatora oraz umowę skierowania do pracy. Gwarantujemy współpracę tylko ze sprawdzonymi Pracodawcami w Niderlandach


W jaki sposób aplikować ? 
- wyślij wstępne zgłoszenie korzystając z formularza na naszej stronie internetowej, a my oddzwonimy do Ciebie ze szczegółowymi informacjami 
- posiadasz CV? świetnie! prześlij je na jeden z naszych adresów mailowych, niezwłocznie skontaktujemy się z Tobą 
- zgłoś się bezpośrednio do jednego z naszych oddziałów 
- skorzystaj z opcji CallBack na naszej stronie internetowej i zamów połączenie na wybrany przez Ciebie termin 

Co zyskujesz:
- stawka wynagrodzenia od 11,09 Euro brutto/h 
- wypłaty w walucie Euro, cotygodniowo przelewane na Twoje konto 
- dodatek wakacyjny 8,33% dochodów brutto - naliczane od godz. podstawowych
- dostęp do platformy internetowej umożliwiającej wgląd do dokumentów tj. kontraktów, odcinków wypłat, Jaaropgaafu
- profesjonalną obsługę przed wyjazdem (m.in. komplet informacji, umowa kierująca, pomoc w organizacji transportu)
- opiekę koordynatora w miejscu pracy
- bezpłatny transport do/z miejsca pracy (samochodem lub rowerem)
- dodatek dla kierowcy samochodu służbowego 
- w pełni wyposażone zakwaterowanie zgodne z certyfikatem SNF z darmowym wifi (99,50 EU tygodniowo) 
- ubezpieczenie zdrowotne (34,78 EU tygodniowo)

Dbamy o Twój komfort. Zapewniamy pełną rekrutację w systemie online!

Zapraszamy do kontaktu ze swoim oddziałem w dniach:
poniedziałek- piątek w godzinach 9.00-17.00


Certyfikat MGiP nr 5971
Oferta Pracy Tymczasowej
",,,,,,Sezonowa,Umowa o pracę
https://sprzedajemy.pl/operator-wozka-widlowego-praca-w-holandii-czestochowa-2-d8fcd7-nr67843742,2023-05-17,sp67843742,Operator wózka widłowego praca w Holandii,Wszystkie ogłoszenia/Ogłoszenia Częstochowa/Praca Częstochowa/Praca fizyczna Częstochowa,https://sprzedajemy.pl/oferty-uzytkownika-9747399,,"
Jeśli jesteś operatorem wózka widłowego przedniego lub bocznego (reachtruck/ heftruck) mamy dla Ciebie propozycję pracy w Holandii.
Stanowisko: operator wózka widłowego bocznego lub przedniego (reachtruck/ heftruck)
Zakres obowiązków:
• Wykonywanie transportu wewnątrzzakładowego wózkiem jezdniowym
• Wykonywanie czynności pomocniczych, obsługowych i konserwacyjnych wózka jezdniowego
Dodatkowo:
• obsługa procesu zamówień
• skanowanie towaru
• ogólne prace magazynowe
Oferujemy :
• legalną pracę w Holandii, umowę o pracę na warunkach holenderskich,
• ubezpieczenie pracownicze, zakwaterowanie oraz transport do pracy
• stałą opieka przed wyjazdem (wstępna umowa kierująca, stały kontakt z -naszym zespołem rekrutacyjnym ),
• wypłaty co tydzień +️dodatki
Wymagamy :
• uprawnień na wózki widłowe
• doświadczenia w prowadzeniu wózków widłowych
• znajomości języka angielskiego
Oczekujemy:
• odpowiedzialności i zaangażowania
• odpowiednich certyfikatów
• dyspozycyjności do wyjazdu w wyznaczonych terminach-️ sprawność fizyczna umożliwiająca podjęcie pracy,
Jak aplikować?
Zadzwoń do Nas lub wyślij sms o treści ‘’WÓZKI”
Dominika +48 570 901 033
Kamila +48 570 901 414
Oliwia + 48 *** *** ***
",,,,,Częstochowa,Pełen etat,Umowa o pracę/Umowa o dzieło
https://sprzedajemy.pl/dekarz-blacharz-lublin-2-d8fcd7-nr67523807,2023-03-27,sp67523807,Dekarz - BLACHARZ,Wszystkie ogłoszenia/Ogłoszenia Lublin/Praca Lublin/Praca Budownictwo / Geodezja Lublin,https://sprzedajemy.pl/oferty-uzytkownika-9701181,,"
Ze względu na szybki rozwój szukamy zmotywowane osoby do pracy na stanowisku Dekarz - blacha trapezowa. Realizujemy dachy płaskie. Poszukujemy doświadczonego dekarza/brygadzisty do pokryć blachą trapezową oraz zarządzania ekipą. Delegacje na terenie Polski, . Brygady też są mile widziane.

Oferujemy:

wysokie zarobki (80zł/godzinę netto) przy umowie B2B

darmowe zakwaterowanie oraz transport;

sprzęt, narzędzia;

umowa zlecenie luz zatrudnienie w formie umowy b2b;

rozliczenie miesięczne

pracę w delegacji,

Wymagamy:

doświadczenie minimum 3 lat;

umiejętność w kierowaniu zespołem

odpowiedzialności oraz punktualności;

prawo jazdy kat. B

Możliwość pracy od poniedziałku do piątku. Osoby, które są zainteresowane lub mają więcej pytań mogą skontaktować się od poniedziałku do piątku w godzinach 8.00 - 17.00 pod numerem tel: *** *** ***, w weekendy proszę o sms.
",80,81,zł,godz. brutto,Lublin,Pełen etat,Umowa zlecenie/Samozatrudnienie
https://sprzedajemy.pl/praca-dla-os-z-orzecz-dino-polska-s-a-ligota-turawska-2-d8fcd7-nr67057858,2023-12-05,sp67057858,"Praca dla os. z orzecz., Dino Polska S.A., Ligota Turawska",Wszystkie ogłoszenia/Ogłoszenia Ligota Turawska/Praca Ligota Turawska/Praca Sprzedawca / Kasjer Ligota Turawska,https://sprzedajemy.pl/oferty-uzytkownika-9350905,,"
Zatrudnimy osoby do 

PRACY W MARKECIE
Ligota Turawska woj. opolskie

z orzeczonym stopniem niepełnosprawności

CHCESZ ZDOBYĆ DOŚWIADCZENIE W HANDLU?

MOŻE WIELE JUŻ POTRAFISZ I PRAGNIESZ DALEJ SIĘ ROZWIJAĆ?

PRACUJĄC Z NAMI ZYSKUJESZ:

możliwość dopasowania wymiaru czasu pracy do Twoich potrzeb

stabilność zatrudnienia, umowę o pracę

możliwość rozwoju - stawiamy na awanse wewnętrzne

niezbędne szkolenia

atrakcyjne benefity (m.in.: ubezpieczenie, prywatna opieka medyczna, możliwość otrzymania pożyczki)
",,,,,,Pełen etat,Umowa o pracę
https://sprzedajemy.pl/obsluga-punktu-klienta-indywidualnego-gdynia-2-d8fcd7-nr67857264,2023-05-19,sp67857264,Obsługa punktu klienta indywidualnego,Wszystkie ogłoszenia/Ogłoszenia Gdynia/Praca Gdynia/Praca Call center / obsługa klienta Gdynia,https://sprzedajemy.pl/oferty-uzytkownika-9324909,,"
Pralnia Albinos zatrudni pracownika do obsługi punktu klienta indywidualnego.
Pracownik zatrudniony na tym stanowisku będzie odpowiedzialny za:
- przyjmowanie rzeczy do wyprania oraz wydawanie czystego asortymentu
- obsługę kasy fiskalnej
- obsługę monitora ekranowego z dedykowanym systemem sprzedażowym
Praca od 10:00 do 18:00 przez 6 dni w tygodniu; od poniedziałku do soboty.
Miejsce wykonywania pracy: Centrum Handlowe Witawa, Witomino Gdynia.
Pierwszy miesiąc pracy na podstawie umowy zlecenie, następnie umowa o pracę.
Oczekujemy od kandydata dyspozycyjności oraz dobrego stanu zdrowia.
Wcześniejsze doświadczenie w pracy na podobnym stanowisku będzie mile widziane.
Zainteresowane pracą osoby prosimy o wysyłanie CV w formularzu zgłoszeniowym.
Informujemy, że skontaktujemy się z wybranymi kandydatami.
",,,,,Gdynia,Pełen etat,Umowa o pracę/Umowa zlecenie
https://sprzedajemy.pl/przedstawiciel-handlowy-sroda-wielkopolska-2-d8fcd7-nr67017787,2023-11-27,sp67017787,Przedstawiciel Handlowy,Wszystkie ogłoszenia/Ogłoszenia Środa Wielkopolska/Praca Środa Wielkopolska/Praca Przedstawiciel handlowy Środa Wielkopolska,https://sprzedajemy.pl/oferty-uzytkownika-9634469,,"
Praca: Specjalista ds. Sprzedaży usług telekomunikacyjnych 
Firma: VECTRA S.A.
Rodzaj zatrudnienia: umowa zlecenie, kontrakt b2b
Wynagrodzenie bez górnej granicy. 

Twój zakres obowiązków:
- 90% czasu to praca w terenie / 10% zdalnie
- prezentacja ofert klientom indywidualnym
- aktywna sprzedaż usług telekomunikacyjnych w znanej i prestiżowej firmie
- dbanie o zawsze widoczna aktualną ofertę w miejscu zamieszkania potencjalnego Klienta 

Nasze wymagania:
Nie masz doświadczenia w obszarze sprzedaży? Nie szkodzi. Wszystkiego Cię nauczymy!

Wystarczy że:
• Lubisz wyzwania
• Szybko się uczysz
• Sprawia Ci przyjemność kontakt z ludźmi ?
- Chcesz otrzymywać ponadprzeciętne wynagrodzenie
Jeśli jesteś na tak - zostań Przedstawicielem Handlowym Vectry!

Oferujemy:
- najwyższe prowizje na rynku
- dodatkowe wsparcie finansowe w okresie wdrożenia (3 miesiące)
- stałe wsparcie Kierownika Sprzedaży
- cykl szkoleń przygotowujących do pracy
- elastyczne godziny pracy
- konkursy motywacyjne
",3000,12000,zł,mies. brutto,,Inna,Umowa zlecenie/Samozatrudnienie
https://sprzedajemy.pl/kierowca-autobusu-z-podstawowym-niemieckim-bawaria-wroclaw-2-d8fcd7-nr67391015,2023-05-15,sp67391015,"Kierowca autobusu z podstawowym niemieckim, Bawaria",Wszystkie ogłoszenia/Ogłoszenia Wrocław/Praca Wrocław/Praca Transport / Spedycja / Dystrybucja Wrocław,https://sprzedajemy.pl/oferty-uzytkownika-7468496,,"
Niemiecka agencja pracy z siedzibą w okolicach Norymbergii, zatrudni od zaraz kierowców autobusów z podstawowym niemieckim
Oferujemy:
- Praca na niemiecka umowę o pracę, zatrudnienie przez niemiecką  agencje pracy. Praca stacjonarna, BEZ SYSTEMU!!!
- Zapewnione zakwaterowanie w pobliżu pracy (jednoosobowy pokój z dostępem do kuchni i Internetu)
- Wynagrodzenie na start 
2500 euro/miesięcznie netto (stawka początkowa 13,50 e/h+1000 euro dieta miesięczna NETTO +dodatki za pracę w nocy i weekendy)
Lub
2600 euro/miesięcznie netto (stawka początkowa 13,50 e/h+1100 euro dieta miesięczna NETTO +dodatki za pracę w nocy i weekendy)
- Podwyżka wynagrodzenia po 6 tygodniach pracy!

- Umowę o pracę wysyłamy przed podjęciem pracy! 
Obowiązki: 
- prowadzenie autobusów w transporcie regularnym miejskim i lokalnym podmiejskim, w systemie zmianowym
- sprzedaż biletów
Wymagania: 
- Prawo jazdy kategorii D + KOD/Moduł 95 dla kategorii D
- Podstawowa znajomość języka niemieckiego A1 – A2
Zainteresowanych pracą proszę przesłać CV
",11000,13000,zł,mies. brutto,Wrocław,Pełen etat,Umowa o pracę
https://sprzedajemy.pl/malarz-malarz-konserwator-gdansk-2-d8fcd7-nr61855690,2023-03-28,sp61855690,MALARZ/ MALARZ - KONSERWATOR,Wszystkie ogłoszenia/Ogłoszenia Gdańsk/Praca Gdańsk/Praca fizyczna Gdańsk,https://sprzedajemy.pl/oferty-uzytkownika-8345097,,"
Zatrudnimy malarzy i malarzy - konserwatorów, także do przyuczenia
(malowanie ręczne wałkiem, pędzlem, szlifowanie papierem ściernym, ręczne usuwanie ścierniwa).

Praca na terenie Stoczni Remontowej i Remontowej Shipbuilding (dawna Północna) w Gdańsku na nowo budowanych i remontowanych jednostkach.

Oferujemy stałą pracę i pewną pensję. Możliwość brania cotygodniowych zaliczek.

Więcej informacji pod numerem telefonu ***-***-***
",,,,,Gdańsk,Pełen etat,Umowa zlecenie
https://sprzedajemy.pl/kierowca-handlowiec-bus-do-3-5-t-pyskowice-2-d8fcd7-nr63860149,2023-04-14,sp63860149,"Kierowca handlowiec bus do 3,5 t",Wszystkie ogłoszenia/Ogłoszenia Pyskowice/Praca Pyskowice/Praca Transport / Spedycja / Dystrybucja Pyskowice,https://sprzedajemy.pl/oferty-uzytkownika-7480574,,"
Zatrudnię kierowcę kat. B na samochód dostawczy. Praca od poniedziałku do piątku. Rejon województwo opolskie, śląskie.

Sprzedaż produktów firmy Gea bezpośrednio z samochodu u rolnika na gospodarstwie.

Wynagrodzenie podstawa plus premia od obrotu.
",4500,6500,zł,mies. brutto,Pyskowice,Pełen etat,Umowa o pracę
https://sprzedajemy.pl/praca-w-markecie-dino-polska-s-a-gaworzyce-2-d8fcd7-nr67803126,2023-05-08,sp67803126,"Praca w markecie, Dino Polska S.A., Gaworzyce",Wszystkie ogłoszenia/Ogłoszenia Gaworzyce/Praca Gaworzyce/Praca Sprzedawca / Kasjer Gaworzyce,https://sprzedajemy.pl/oferty-uzytkownika-9350905,,"
Zatrudnimy:
Praca w markecie
Gaworzyce woj. dolnośląskie

CHCESZ ZDOBYĆ DOŚWIADCZENIE W HANDLU?
MOŻE WIELE JUŻ POTRAFISZ I PRAGNIESZ DALEJ SIĘ ROZWIJAĆ?
PRACUJĄC Z NAMI ZYSKUJESZ:
    • możliwość dopasowania wymiaru czasu pracy do Twoich potrzeb
    • stabilność zatrudnienia, umowę o pracę
    • możliwość rozwoju - stawiamy na awanse wewnętrzne
    • niezbędne szkolenia
    • atrakcyjne benefity (m.in.: ubezpieczenie, prywatna opieka medyczna, możliwość otrzymania pożyczki)
",,,,,Gaworzyce,Pełen etat,Umowa o pracę
https://sprzedajemy.pl/praca-w-holandii-pakowanie-owocow-i-warzyw-czestochowa-2-d8fcd7-nr67818470,2023-05-11,sp67818470,Praca w Holandii- pakowanie owoców i warzyw.,Wszystkie ogłoszenia/Ogłoszenia Częstochowa/Praca Częstochowa/Praca fizyczna Częstochowa,https://sprzedajemy.pl/oferty-uzytkownika-6842939,,"
Szukasz pracy za granicą!
Świetnie trafiłeś.
Mamy dla Ciebie ofertę
Pracodawca nie wymaga doświadczenia ani znajomości języka obcego!

Wszystkiego nauczysz się na miejscu !
Stanowisko: pakowacz, pracownik produkcji

Miejsce pracy: Holandia, okolice Hagi
Zakres obowiązków:
 • sortowanie owoców i warzyw
 • pakowanie owoców i warzyw
 • kontrola jakości
 • kwiaty doniczkowe: sadzenie, pielęgnacja oraz pakowanie do wysyłki
 
Pracodawca oferuje:
 legalne zatrudnienie
 płatne zakwaterowanie
 ubezpieczenie zdrowotne
 darmowy codzienny transport do pracy
Jeżeli zainteresowała Cię ta oferta, skontaktuj się z nami telefonicznie pod numerem telefonu:
Dominika tel: +48 570 901 033 - możesz również wysłać sms
Kamila tel: +48 *** *** ***
Chcesz poznać szczegóły ofert? Wejdź na www.**************
Zapraszamy również do Naszego Biura: 
Klaver Sp. z o.o., ul. Gminna 131, 42-221 Częstochowa , certyfikat KRAZ 18450
",,,,,Częstochowa,Pełen etat,Inna
https://sprzedajemy.pl/monter-kg-nad-oceanem-atlantyckim-krakow-2-d8fcd7-nr67000092,2023-11-23,sp67000092,Monter KG – nad Oceanem Atlantyckim,Wszystkie ogłoszenia/Ogłoszenia Kraków/Praca Kraków/Praca Budownictwo / Geodezja Kraków,https://sprzedajemy.pl/oferty-uzytkownika-7419323,,"
INTERIMAX to marka należąca do HRBC Group. Realizujemy projekty dla polskich i zagranicznych przedsiębiorstw. Jeśli poszukujesz nowych wyzwań i możliwości pracy - nasza oferta jest dla Ciebie! Numer certyfikatu agencji: 16546.

Branża: Budownictwo
Kraj: Francja
Region / województwo: Bretania
Miejsce pracy / miejscowość: okolice Nantes

Zadania:
• renowacje budynków użyteczności publicznej/budynków przemysłowych
• stawianie ścian działowych z płyt kartonowo - gipsowych i sufitów podwieszanych
• montaż okładzin z płyt kg i płyt izolacyjnych (klejenie płyt punktowo)
• szpachlowanie łączeń
• praca z rysunkiem technicznym
• praca w tempie
• praca w międzynarodowym zespole
• przestrzeganie przepisów BHP i porządku w miejscu pracy
________________________________________
Oferujemy:
• legalne zatrudnienie w oparciu o francuską umowę o pracę tymczasową dzięki czemu jesteś częścią francuskiego systemu podatkowego, emerytalnego i socjalnego
• zarobki miesięczne przy 184h - 2679€ netto
• dodatek żywieniowy 9,20€ netto/ dzień pracy
• możliwość pracy w nadgodzinach płatnych (powyżej 35h +25% do stawki, powyżej 43h + 50% do stawki)
• zwrot kosztu zakupu ubrania roboczego do 80€ 
• bezpłatne zakwaterowanie z wyposażoną kuchnią blisko miejsca pracy
• częściowy zwrot kosztów dojazdu do Francji 50-100€
• zawsze terminową wypłatę wynagrodzenia
• możliwośc otrzymania zaliczki
• możliwość podjęcia dłuższej współpracy
• opiekę zdalnego, francuskojęzycznego koordynatora 7 dni w tygodniu
• pomoc w dopełnieniu wszelkich formalności przed wyjazdem
________________________________________
Wymagania:
• doświadczenie na stanowisku montera regipsów (mile widziana praca we Francji)
• samodzielność
• dokładność, precyzyjność, estetyka wykonania
• umiejętność czytania rysunku technicznego 
• znajomość j. francuskiego pozwalająca na komunikację w pracy u 1 osoby w ekipie
• posiadanie prawa jazdy kat. B
• posiadanie auta na wyjazd u 1 osoby w ekipie


Aplikuj: http*****************************************************************
Tel: +48*********




KLAUZULA INFORMACYJNA
 
1. Administratorem danych osobowych jest HRBC Group Sp. z o.o. z siedzibą przy ul. Ślusarskiej 6/3, 30-710 w Krakowie. Dane kontaktowe Administratora, w tym dane Inspektora Ochrony Danych, dostępne są pod adresem www.************ 
2. Bezpośredni kontakt z Inspektorem Ochrony Danych możliwy jest pod adresem podanym na stronie www.************ 
3. Dane osobowe przetwarzane są w celu realizacji procesu rekrutacyjnego. Przesłanie do nas zgłoszenia rekrutacyjnego będzie równoznaczne z wyrażeniem zgody na udział w danym procesie rekrutacyjnym (art. 6.1.a RODO). 
4. Dane osobowe mogą być udostępniane pracodawcom w celu zatrudnienia lub realizacji dalszych etapów rekrutacji zgodnie z celem przetwarzania. Dane mogą być ujawniane naszym podwykonawcom wyłącznie w zakresie świadczonych dla nas usług, w szczególności podmiotom wykonującym usługi serwisowe, doradcze, konsultacyjne, serwisowi IT i dostawcom usług hostingu. 
5. Dane będą przechowywane przez okres trwania procesu rekrutacyjnego i usunięte w przypadku niepodjęcia pracy. W przypadku wyrażenia dobrowolnej zgody na udział w przyszłych rekrutacjach, dane będą przechowywane aż do momentu jej wycofania. 
6. Przysługuje Państwu prawo do żądania od administratora dostępu do danych osobowych dotyczących swojej osoby, ich sprostowania, usunięcia lub ograniczenia przetwarzania, a także prawo do wniesienia sprzeciwu, prawo do żądania przeniesienia danych oraz prawo do wniesienia skargi do organu nadzorczego. 
7. W przypadku wyrażonej zgody mają Państwo prawo do jej cofnięcia w dowolnym momencie przy czym wycofanie tej zgody nie wpływa na zgodność z prawem przetwarzania, którego dokonano na podstawie zgody przed jej cofnięciem. 
8. Informujemy także, że podanie danych jest dobrowolne, ale niezbędne do wzięcia udziału w rekrutacji. Brak wyrażenia zgody na udział w przyszłych rekrutacjach nie będzie stanowić przyczyny odmowy zatrudnienia.
",,,,,,Inna,Umowa o pracę
https://sprzedajemy.pl/dostawca-konin-glovoxpress-delivery-20-45zl-h-brutto-2-d8fcd7-nr63477043,2023-04-26,sp63477043,DOSTAWCA KONIN GLOVO|XPRESS DELIVERY 20-45zł/h Brutto,Wszystkie ogłoszenia/Ogłoszenia Konin/Praca Konin/Praca Transport / Spedycja / Dystrybucja Konin,https://sprzedajemy.pl/oferty-uzytkownika-9058619,,"
DOSTAWCA KONIN GLOVO|XPRESS DELIVERY 20-45zł/h Brutto
PTD Partner jest niezależną firmą współpracującą z Glovo|Xpress Delivery.
Cenimy Twój czas, dlatego grafik jest elastyczny i dostosowany do Twoich potrzeb.
Jesteśmy we wszystkich miastach, w których działa platforma Glovo|Xpress Delivery.
  
WYMAGANIA:
• Ukończone 18 lat
• Pojazd (rower, skuter, samochód)
• Smartfon z dostępem do Internetu
• Dowód osobisty lub paszport
• Uczciwość i rzetelność
• Entuzjazm
 
OBOWIĄZKI:
• Odbieranie i dostarczanie posiłków
• Ekspresowe dostawy kurierskie
 
OFERUJEMY:
• Legalne zatrudnienie na podstawie umowy zlecenie lub umowy B2B
• Wynagrodzenia od każdego zamówienia, które obejmuje część stałą i część zmienną
• Bezpłatny pakiet szkoleniowy
• Elastyczny grafik uwzględniający Twoje preferencje
• Pełną obsługę i pomoc w trakcie wykonywania pracy

Cały proces rekrutacyjny odbywa się online, dzięki temu wszystkie formalności załatwisz z domu do momentu realizacji pierwszej dostawy.

Chcesz dowiedzieć się więcej???
Zgłoś się do nas już dziś!!!
Zainteresowane osoby prosimy o zarejestrowanie się na stronie ptdpartner.pl
Więcej informacji pod numerem telefonu ***-***-***

WAŻNE GLOVO!!!
Zarejestruj się po linku poniżej żeby zostać dopisany bezpośrednio do naszej floty

http**********************************************************

Przyjemna, prosta praca i konkretne wynagrodzenie!! Aplikuj już dziś i dołącz do najbardziej zadowolonych dostawców Glovo|Xpress Delivery w Koninie.


Wyrażam zgodę na przetwarzanie moich danych osobowych dla potrzeb niezbędnych do realizacji procesu rekrutacji (zgodnie z ustawą z dnia 10 maja 2018 roku o ochronie danych osobowych (Dz. Ustaw z 2018, poz. 1000) oraz zgodnie z Rozporządzeniem Parlamentu Europejskiego i Rady (UE) 2016/679 z dnia 27 kwietnia 2016 r. w sprawie ochrony osób fizycznych w związku z przetwarzaniem danych osobowych i w sprawie swobodnego przepływu takich danych oraz uchylenia dyrektywy 95/46/WE (RODO).
.
",1000,7000,zł,mies. brutto,Konin,Inna,Umowa zlecenie/Samozatrudnienie/Inna
https://sprzedajemy.pl/ciesla-stolarz-nowy-klincz-2-d8fcd7-nr67635649,2023-04-01,sp67635649,Ciesla/stolarz,Wszystkie ogłoszenia/Ogłoszenia Nowy Klincz/Praca Nowy Klincz/Praca Budownictwo / Geodezja Nowy Klincz,https://sprzedajemy.pl/oferty-uzytkownika-9174369,,"
Zatrudnie pracownika budowlanego.
Mile widziane doswiadczenie lub chec przyuczenia.
Prace ciesielskie, dekarskie, stolarskie itp. 
Praca w roznych lokalizacjach do 50km od koscierzyny.
Wiecej informacji pod numerem telefonu *********
",,,,,Nowy Klincz,Pełen etat,Umowa o pracę
https://sprzedajemy.pl/pomoc-kuchenna-k-m-sezon-letni-francja-lodz-2-d8fcd7-nr66893432,2023-05-15,sp66893432,"Pomoc kuchenna (K/M) - sezon letni, Francja",Wszystkie ogłoszenia/Ogłoszenia Łódź/Praca Łódź/Praca Gastronomia / Catering Łódź/Praca Pomoc kuchenna / Zmywak Łódź,https://sprzedajemy.pl/oferty-uzytkownika-8081083,,"
Francuskie restauracje poszukują na sezon letni pracowników na stanowisko pomoc kuchenna.


Opis:
Przygotowanie w odpowiedni sposób składników: rozbiór mięsa, obieranie, krojenie, siekanie, szatkowanie warzyw i owoców.
Porcjowanie i dekorowanie potraw
Dbanie o porządek w miejscu pracy

Wymagania:
Doświadczenie w pracy na podobnym stanowisku
Komunikatywna znajomość języka angielskiego lub francuskiego
Aktualne podleganie ubezpieczeniu zdrowotnemu w Polsce na 30 dni przed wyjazdem

Oferujemy:
Legalne zatrudnienie na terenie Francji - zatrudnienie przez agencję pracy w Polsce i oddelegowanie do pracodawcy francuskiego (polska umowa o pracę)
Ubezpieczenie (+druk A1), składki ZUS opłacone od średniej krajowej
1450 euro netto miesięcznie (na rękę)
Pracę w wymiarze 39 h tygodniowo
Bezpłatne zakwaterowanie
Zwrot kosztów dojazdu i powrotu do Francji na koszt pracodawcy (refundacja do wysokości biletu autobusowego po przepracowanym pełnym miesiącu)


Prosimy o załączenie klauzuli:
„Wyrażam zgodę na przetwarzanie moich danych osobowych zawartych w mojej ofercie pracy dla potrzeb niezbędnych do realizacji procesu rekrutacji (zgodnie z Ustawą z dnia 29.08.1997 roku o Ochronie Danych Osobowych; tekst jednolity: Dz. U. z 2002r. Nr 101, poz. 926 ze zm.)”

Sidrom Sp. z o.o. jest działającą na rynku europejskim licencjonowaną Agencją Zatrudnienia, Doradztwa Personalnego oraz Pośrednictwa Pracy na terenie RP i za granicą, wpisaną do Krajowego Rejestru Agencji Zatrudnienia pod nr 2677.

Agencja Zatrudnienia Sidrom Sp. z o.o.
Ul. Zielona 11
28-100 Busko — Zdrój
",,,,,Łódź,Pełen etat,Umowa o pracę
https://sprzedajemy.pl/zatrudnimy-kierowce-kat-b-transport-krajowy-turek-2-d8fcd7-nr67550484,2023-03-16,sp67550484,Zatrudnimy kierowcę Kat B - transport krajowy,Wszystkie ogłoszenia/Ogłoszenia Turek/Praca Turek/Praca Transport / Spedycja / Dystrybucja Turek,https://sprzedajemy.pl/oferty-uzytkownika-9704622,,"
Zatrudnimy kierowcę Kat B w transporcie krajowym , praca od poniedziałku do piątku , auto 10ep plandeka, Opel Movano lub Renault Master roczniki 2021 z kurnikami u góry , wymagane doświadczenie w transporcie krajowym/międzynarodowym, mile widziana znajomość z dokumentacją przewozową i odprawami
",,,,,Turek,Inna,Umowa o pracę/Umowa zlecenie/Inna
https://sprzedajemy.pl/zatrudnie-mechanika-samochodowego-auta-uzywane-rzgow-2-d8fcd7-nr67816362,2023-05-11,sp67816362,Zatrudnię mechanika samochodowego auta używane.,Wszystkie ogłoszenia/Ogłoszenia Rzgów/Praca Rzgów/Praca Motoryzacja Rzgów,https://sprzedajemy.pl/oferty-uzytkownika-8560429,,"
Zatrudnię pracownika w firmie zajmującej się skupem i sprzedażą aut używanych w Łodzi na stanowisku: Mechanik samochodowy.

Główne obowiązki:
 
Wykonywanie prac mechanicznych,
Kontrola jakościowa samochodów,


Od idealnego kandydata oczekujemy :
 
Praktycznej wiedzy z zakresu mechaniki samochodowej,
Znajomości zagadnień dotyczących eksploatacji pojazdów,
Prawa jazdy kat. B. 
Umiejętności pracy w zespole,
Bardzo dobrej organizacji pracy,
Solidności, uczciwości, rzetelności,
Dyspozycyjności.

Praca od poniedziałku do piątku w godzinach od 8.00 do 16.00. oraz co druga sobota 8-16
Oferujemy atrakcyjne warunki zatrudnienia. 
Gwarantujemy profesjonalną i miłą atmosferę w pracy oraz uczciwe i terminowe wynagrodzenie!
Lokalizacja: Rzgów docelowo Pabianice
Zainteresowanych prosimy o kontakt pod numerem tel. *********
Nie odpowiadam na wiadomości, kontakt wyłącznie telefoniczny.
",4000,5000,zł,mies. brutto,Rzgów,Pełen etat,Umowa o pracę
https://sprzedajemy.pl/kierowca-ciagnika-praca-w-szwecji-1645-lublin-2-d8fcd7-nr67855716,2023-05-19,sp67855716,Kierowca ciągnika - praca w Szwecji (1645),Wszystkie ogłoszenia/Ogłoszenia Lublin/Praca Lublin/Praca Rolnictwo / Ochrona środowiska Lublin,https://sprzedajemy.pl/oferty-uzytkownika-9685626,,"
Obecnie dla naszego klienta ze Szwecji poszukujemy kandydatów na stanowisko:
Kierowca ciągnika - praca w Szwecji
Lokalizacja: Halland 
Zadania: Układanie siana, różne prace przygotowawcze pola truskawkowego;
Wymagania: język angielski, podobne doświadczenie zawodowe, kategoria B.
Oferujemy: umowę o pracę na pełny etat, praca sezonowa, od 1800 €/miesiąc (net).
Po więcej informacji zapraszamy pod numer telefonu i e-mail: 
 sandra [ @ ] reditus.lt , +370 63708855.
",,,,,Lublin,Sezonowa,Umowa o pracę
